INSERT INTO vehicle (id, name, brand, vehicle_type, fuel, engine, year) VALUES
(1, 'Kia Morning', 'Kia', 'car', 'Petrol', 1.0, 2018),
(2, 'Hyundai Grand i10', 'Hyundai', 'car', 'Petrol', 1.2, 2019),
(3, 'Toyota Yaris', 'Toyota', 'car', 'Petrol', 1.5, 2021),
(4, 'Mazda 3', 'Mazda', 'car', 'Petrol', 2.0, 2023),
(5, 'Honda City', 'Honda', 'car', 'Petrol', 1.5, 2021),
(6, 'Nissan Sunny', 'Nissan', 'car', 'Petrol', 1.6, 2020),
(7, 'Ford Focus', 'Ford', 'car', 'Petrol', 1.5, 2022),
(8, 'Mitsubishi Outlander', 'Mitsubishi', 'car', 'Petrol', 2.4, 2021),
(9, 'Chevrolet Spark', 'Chevrolet', 'car', 'Petrol', 1.0, 2019),
(10, 'Toyota Camry', 'Toyota', 'car', 'Petrol', 2.5, 2022),
(11, 'Yamaha Exciter 150', 'Yamaha', 'motor', 'Petrol', 150, 2020),
(12, 'Honda Winner X', 'Honda', 'motor', 'Petrol', 150, 2021),
(13, 'Suzuki Raider 150', 'Suzuki', 'motor', 'Petrol', 150, 2019),
(14, 'Yamaha MT-15', 'Yamaha', 'motor', 'Petrol', 155, 2021),
(15, 'Honda CBR150R', 'Honda', 'motor', 'Petrol', 150, 2020),
(16, 'Kawasaki Ninja 250', 'Kawasaki', 'motor', 'Petrol', 250, 2018),
(17, 'Honda SH150i', 'Honda', 'motor', 'Petrol', 150, 2020),
(18, 'Suzuki V-Strom 650', 'Suzuki', 'motor', 'Petrol', 650, 2021),
(19, 'BMW S1000RR', 'BMW', 'motor', 'Petrol', 1000, 2022),
(20, 'Ducati Monster 821', 'Ducati', 'motor', 'Petrol', 821, 2021);

INSERT INTO car (car_id, transmission, baggage_capacity, seats) VALUES
(1, 'Automatic', 2, 4),
(2, 'Automatic', 2, 4),
(3, 'Automatic', 3, 5),
(4, 'Automatic', 2, 5),
(5, 'Automatic', 3, 5),
(6, 'Manual', 3, 5),
(7, 'Automatic', 2, 5),
(8, 'Automatic', 5, 7),
(9, 'Manual', 2, 4),
(10, 'Automatic', 4, 5);

INSERT INTO motor (motor_id, capacity) VALUES
(11, 150), (12, 150), (13, 150), (14, 155), (15, 150),
(16, 250), (17, 150), (18, 650), (19, 1000), (20, 821);

INSERT INTO rental_facility (name, phone_number, email, description, address, rating, total_rating, review_count) VALUES
('Mouse Showroom Rental', '02412345678', 'info@mouserental.com.vn', NULL, NULL, 4.5, 450, 100),
('Buffalo Showroom Rental', '02423456789', 'contact@buffalorental.com.vn', NULL, NULL, 4.6, 320, 85),
('Tiger Showroom Rental', '02898765432', 'support@tigerrental.com.vn', NULL, NULL, 4.8, 700, 150),
('Cat Showroom Rental', '02364567890', 'info@catrental.com.vn', NULL, NULL, 4.7, 600, 120),
('Dragon Showroom Rental', '02925678901', 'booking@dragonrental.com.vn', NULL, NULL, 4.3, 200, 50),
('Snake Showroom Rental', '02581234567', 'contact@snakerental.com.vn', NULL, NULL, 4.9, 1200, 300),
('Horse Showroom Rental', '02834567890', 'info@horserental.com.vn', NULL, NULL, 4.4, 480, 110),
('Goat Showroom Rental', '02366789012', 'support@goatrental.com.vn', NULL, NULL, 4.5, 350, 90),
('Thai Binh Rental', '02366789012', 'support@thaibinh.com.vn', NULL, NULL, 4.5, 350, 90);


INSERT INTO office (attraction_id, rental_facility_id) VALUES
(1, 1), (2, 1), (3, 1),
(4, 2), (5, 2), (6, 2),
(7, 3), (8, 3), (9, 3),
(10, 4), (11, 4), (12, 4),
(13, 5), (14, 5), (15, 5),
(16, 6), (17, 6), (18, 6),
(19, 7), (20, 7), (21, 7),
(22, 8), (23, 8), (24, 8),
(25, 9);

INSERT INTO rental_vehicle (vehicle_id, rental_facility_id, price, stake, available_vehicle) VALUES
(1, 1, 500000, 1500000, 5),
(1, 3, 520000, 1560000, 4),
(1, 7, 550000, 1650000, 3),
(2, 2, 850000, 2550000, 2),
(2, 5, 820000, 2460000, 1),
(2, 8, 800000, 2400000, 2),
(3, 3, 600000, 1800000, 6),
(3, 1, 650000, 1950000, 5),
(3, 6, 620000, 1860000, 4),
(4, 4, 700000, 2100000, 3),
(4, 5, 720000, 2160000, 2),
(4, 2, 750000, 2250000, 3),
(5, 6, 650000, 1950000, 4),
(5, 7, 680000, 2040000, 3),
(5, 1, 700000, 2100000, 2),
(6, 8, 550000, 1650000, 5),
(6, 3, 600000, 1800000, 4),
(6, 2, 570000, 1710000, 3),
(7, 2, 500000, 1500000, 5),
(7, 5, 520000, 1560000, 4),
(7, 4, 550000, 1650000, 3),
(8, 1, 750000, 2250000, 3),
(8, 6, 780000, 2340000, 2),
(8, 3, 800000, 2400000, 4),
(9, 4, 850000, 2550000, 2),
(9, 5, 880000, 2640000, 1),
(9, 2, 900000, 2700000, 2),
(10, 6, 550000, 1650000, 5),
(10, 7, 580000, 1740000, 4),
(10, 1, 600000, 1800000, 3),
(11, 3, 700000, 2100000, 3),
(11, 4, 720000, 2160000, 2),
(11, 2, 750000, 2250000, 3),
(12, 5, 800000, 2400000, 2),
(12, 8, 820000, 2460000, 1),
(12, 1, 850000, 2550000, 2),
(13, 6, 650000, 1950000, 4),
(13, 7, 680000, 2040000, 3),
(13, 4, 700000, 2100000, 2),
(14, 3, 550000, 1650000, 5),
(14, 5, 580000, 1740000, 4),
(14, 1, 600000, 1800000, 3),
(15, 8, 650000, 1950000, 4),
(15, 2, 680000, 2040000, 3),
(15, 4, 700000, 2100000, 2),
(16, 3, 250000, 750000, 10),
(16, 6, 280000, 840000, 8),
(16, 1, 300000, 900000, 9),
(17, 2, 400000, 1200000, 5),
(17, 4, 420000, 1260000, 3),
(17, 5, 450000, 1350000, 4),
(18, 3, 350000, 1050000, 6),
(18, 1, 360000, 1080000, 5),
(18, 6, 380000, 1140000, 7),
(19, 2, 150000, 450000, 12),
(19, 4, 170000, 510000, 10),
(19, 8, 180000, 540000, 11),
(20, 5, 500000, 1500000, 4),
(20, 7, 520000, 1560000, 3),
(20, 1, 550000, 1650000, 2),
(20, 9, 200000, 1652100, 9);

INSERT INTO accessory (name, price, type) VALUES
('GPS', 360000, 'car'),
('Child Seat', 480000, 'car'),
('Baby Seat', 480000, 'car'),
('Roof Rack', 600000, 'car'),
('Bonus Driver', 600000, 'car');
